LagTime_s,MeanMSD_um2,SEM_um2
0.11,0.0149317538108642,0.00259745181282322
0.22,0.0269488529143817,0.00524066475656082
0.33,0.0395685776904899,0.00833483011581196
0.44,0.0521486837283099,0.011582248426228
0.55,0.0648597326466693,0.014827347690274
0.66,0.0776054526877464,0.017774805901915
0.77,0.0898436689143857,0.020707356016583
0.88,0.101919932695167,0.0235436281486986
0.99,0.113768115928553,0.0265128761953177
1.1,0.125924260012642,0.0294051804736421
1.21,0.138525553269154,0.0326259219260939
1.32,0.150868186314933,0.0359070659220549
1.43,0.164072252135136,0.0397123623313401
1.54,0.176529704610669,0.0432653678335722
1.65,0.189701722813695,0.0468872153052652
1.76,0.203009099316183,0.0509013894973362
1.87,0.215019732241036,0.0545259839695469
1.98,0.227486939627762,0.0582400304810116
2.09,0.238645396335783,0.0616975151814119
2.2,0.248862022571692,0.0646434002490019
2.31,0.259029570016512,0.067652362819642
2.42,0.269255726010216,0.0705685662111553
2.53,0.27963129870303,0.0734585889192851
2.64,0.290992507719342,0.0766439418877196
2.75,0.302117894045273,0.0796503819240159
2.86,0.312949674143529,0.082815961760827
2.97,0.323183954353437,0.0856996949079249
3.08,0.332800692520019,0.0882228365189635
3.19,0.341927225397123,0.0906929641139125
3.3,0.351785597359296,0.0934478270102381
3.41,0.361906649061134,0.0961904818309056
3.52,0.371953681146341,0.0987262784270939
3.63,0.383055417718736,0.101709493492494
3.74,0.39310081611376,0.104503374986256
3.85,0.402382360081339,0.107428527721272
3.96,0.413066432934218,0.110916632140673
4.07,0.423467039988098,0.114359392297504
4.18,0.433572786519032,0.117706413601713
4.29,0.444930445556978,0.121388957391374
4.4,0.455814683881481,0.124885822072613
4.51,0.467826225008628,0.128901103940701
4.62,0.480078467023903,0.132841945400198
4.73,0.492811969825587,0.136759395398449
4.84,0.506641635586981,0.141655451987722
4.95,0.520686108248046,0.146464280906982
5.06,0.533752037646811,0.150549953932664
5.17,0.547515065151113,0.154933316507284
5.28,0.561796554433061,0.159742321367807
5.39,0.575648047556647,0.164387880712853
5.5,0.589495330084031,0.169107297249141
