track,vx_um_per_s,vy_um_per_s,speed_um_per_s,displacement_um,fitResidual_um
1,-0.00408139018428787,0.0227240729151532,0.0230876858019508,0.505389442204702,0.104752499804149
2,0.0734992655870732,-0.0100065047736966,0.0741773023210276,1.6237411478073,0.306498353988479
3,-0.125358942390833,-0.155300317360075,0.199582196123523,4.36885427314391,0.390061740590159
4,0.0539813740176902,-0.0184821239574173,0.0570576694828583,1.24899238497977,0.144431310252168
5,-0.0754167063652265,-0.0190187087709619,0.0777778302750434,1.7025567047207,0.207864393567153
6,-0.00671437157132423,0.00648688947328856,0.00933608700883132,0.204366944623318,0.483005272262249
7,-0.0240939043536659,0.00624458756128436,0.0248899799279579,0.544841660622998,0.0979358674665312
8,0.0128146707628986,0.00593120859133251,0.014120730225997,0.309102784647073,0.182667392008703
9,-0.0224349023418676,-0.125178747337769,0.127173281895774,2.7838231406985,0.337572282379078
10,0.0344438157922906,-0.0084995598538373,0.0354770202249598,0.77659197272437,0.142382878890307
11,0.0611805171786011,-0.000559154798720347,0.0611830723021494,1.33929745269405,0.210268709150063
12,0.0749387251063082,0.0778354679312258,0.10804708505384,2.36515069182856,0.285016757506503
