StepLength_um,CumulativeProbability
0,0
0.005,0.00376884422110553
0.01,0.0142378559463987
0.015,0.0238693467336683
0.02,0.0360134003350084
0.025,0.0577889447236181
0.03,0.0774706867671692
0.035,0.10929648241206
0.04,0.142797319932998
0.045,0.182998324958124
0.05,0.216917922948074
0.055,0.251256281407035
0.06,0.286850921273032
0.065,0.331658291457286
0.07,0.360971524288107
0.075,0.394891122278057
0.08,0.426298157453936
0.085,0.459798994974874
0.09,0.498324958123953
0.095,0.528056951423786
0.1,0.56323283082077
0.105,0.590033500837521
0.11,0.616834170854271
0.115,0.648659966499162
0.12,0.675879396984925
0.125,0.699748743718593
0.13,0.729480737018425
0.135,0.742043551088777
0.14,0.761306532663317
0.145,0.782244556113903
0.15,0.798157453936348
0.155,0.812395309882747
0.16,0.826633165829146
0.165,0.837939698492462
0.17,0.851758793969849
0.175,0.860971524288107
0.18,0.871021775544389
0.185,0.880653266331658
0.19,0.891959798994975
0.195,0.899916247906198
0.2,0.907453936348409
0.205,0.913316582914573
0.21,0.920435510887772
0.215,0.926716917922948
0.22,0.932998324958124
0.225,0.94179229480737
0.23,0.945979899497487
0.235,0.952680067001675
0.24,0.956448911222781
0.245,0.960636515912898
0.25,0.964405360134003
0.255,0.969011725293132
0.26,0.972780569514238
0.265,0.977386934673367
0.27,0.978643216080402
0.275,0.980737018425461
0.28,0.981155778894472
0.285,0.983668341708543
0.29,0.98534338358459
0.295,0.986599664991625
0.3,0.98785594639866
0.305,0.989530988274707
0.31,0.99036850921273
0.315,0.990787269681742
0.32,0.993718592964824
0.325,0.995393634840871
0.33,0.996649916247906
0.335,0.997068676716918
0.34,0.99748743718593
0.345,0.99748743718593
0.35,0.998743718592965
0.355,0.998743718592965
0.36,0.998743718592965
0.365,0.998743718592965
0.37,0.998743718592965
0.375,0.999162479061977
0.38,0.999581239530988
0.385,0.999581239530988
0.39,0.999581239530988
0.395,0.999581239530988
0.4,1
0.405,1
0.41,1
0.415,1
0.42,1
0.425,1
0.43,1
0.435,1
0.44,1
0.445,1
0.45,1
0.455,1
0.46,1
0.465,1
0.47,1
0.475,1
0.48,1
0.485,1
0.49,1
0.495,1
0.5,1
