Distance_nm,GrayValue
0,103.000091346996
1,103.67050934214
2,103.703235477034
3,103.288078837125
4,102.705945023215
5,102.25914461998
6,102.197284981583
7,102.6558630846
8,103.621749784473
9,104.93357412598
10,106.316997186141
11,107.44684608715
12,108.021898115999
13,107.835179084676
14,106.823640282483
15,105.085776327591
16,102.863066503275
17,100.489388559941
18,98.3198734571937
19,96.6553659243335
20,95.6796536553375
21,95.4236991969539
22,95.7649243274609
23,96.4615737978276
24,97.2141616148305
25,97.7398165001156
26,97.8424106429407
27,97.4623486409909
28,96.6945834643789
29,95.7707381312443
30,95.0094695137305
31,94.7465214552232
32,95.2606021646544
33,96.712210464023
34,99.1095988555644
35,102.309869923609
36,106.055173324522
37,110.035941643875
38,113.966912833497
39,117.658751880045
40,121.069076286462
41,124.321380962923
42,127.687673192691
43,131.538891630306
44,136.274502136821
45,142.247361783777
46,149.700945436157
47,158.733108893327
48,169.294389880441
49,181.220840019337
50,194.293374964003
51,208.309463718284
52,223.150068129104
53,238.82576025521
54,255.490659796858
55,273.420169832976
56,292.956769665959
57,314.435454671787
58,338.10511757702
59,364.063167279262
60,392.217751201981
61,422.285755831873
62,453.826724013048
63,486.304784597285
64,519.164478341647
65,551.903400987247
66,584.125542457743
67,615.563853230313
68,646.06784146451
69,675.560223169793
70,703.973921619097
71,731.185367311074
72,756.961012717716
73,780.931020454964
74,802.597882128203
75,821.379695926805
76,836.679812647629
77,847.968390273892
78,854.858492993234
79,857.160401908476
80,854.902542076054
81,848.314796738595
82,837.778296411542
83,823.753142516823
84,806.700273948606
85,787.014732577566
86,764.984699842831
87,740.784530547308
88,714.502017102015
89,686.192114619456
90,655.943181816567
91,623.938861522209
92,590.499709438282
93,556.093353477816
94,521.309254548695
95,486.802368614935
96,453.21728815984
97,421.109094609059
98,390.87810842588
99,362.732754054955
100,336.688535449199
101,312.603062713824
102,290.239020316905
103,269.34076088863
104,249.707263024574
105,231.245177939346
106,213.990379820955
107,198.093752484452
108,183.775213617598
109,171.257303816708
110,160.694373758924
111,152.114413074009
112,145.387649768625
113,140.229879909694
114,136.240479921203
115,132.967045689001
116,129.982431228885
117,126.957041565356
118,123.71024078736
119,120.229438785472
120,116.6527436726
121,113.219335354107
122,110.199036369609
123,107.817253049809
124,106.192458092883
125,105.300456869427
126,104.973495504147
127,104.934246056366
128,104.856680947141
129,104.439663147977
130,103.47614747456
131,101.901882884233
132,99.8121978021058
133,97.4427648959938
134,95.1185022818458
135,93.182081944212
136,91.9182071042385
137,91.4908130702175
138,91.9074126198599
139,93.018618465109
140,94.5528487619337
141,96.1781949291723
142,97.5772422236045
143,98.5176995390552
144,98.9026870848434
145,98.7892208797858
146,98.3707461624555
147,97.9278318554619
148,97.7584522893088
149,98.103974459532
150,99.087963911474
